1,customer1@example.com,Dryf84bd
2,customer1@example.com,Dryf84bd
3,customer1@example.com,Dryf84bd
4,customer1@example.com,Dryf84bd
5,customer1@example.com,Dryf84bd
6,customer1@example.com,Dryf84bd
7,customer1@example.com,Dryf84bd
8,customer1@example.com,Dryf84bd
9,customer1@example.com,Dryf84bd
10,customer1@example.com,Dryf84bd
11,customer1@example.com,Dryf84bd
12,customer1@example.com,Dryf84bd
13,customer1@example.com,Dryf84bd
14,customer1@example.com,Dryf84bd
15,customer1@example.com,Dryf84bd
16,customer1@example.com,Dryf84bd
17,customer1@example.com,Dryf84bd
18,customer1@example.com,Dryf84bd
19,customer1@example.com,Dryf84bd
20,customer1@example.com,Dryf84bd
21,customer1@example.com,Dryf84bd
22,customer1@example.com,Dryf84bd
23,customer1@example.com,Dryf84bd
24,customer1@example.com,Dryf84bd
25,customer1@example.com,Dryf84bd
26,customer1@example.com,Dryf84bd
27,customer1@example.com,Dryf84bd
28,customer1@example.com,Dryf84bd
29,customer1@example.com,Dryf84bd
30,customer1@example.com,Dryf84bd
31,customer1@example.com,Dryf84bd
32,customer1@example.com,Dryf84bd
33,customer1@example.com,Dryf84bd
34,customer1@example.com,Dryf84bd
35,customer1@example.com,Dryf84bd
36,customer1@example.com,Dryf84bd
37,customer1@example.com,Dryf84bd
38,customer1@example.com,Dryf84bd
39,customer1@example.com,Dryf84bd
40,customer1@example.com,Dryf84bd
41,customer1@example.com,Dryf84bd
42,customer1@example.com,Dryf84bd
43,customer1@example.com,Dryf84bd
44,customer1@example.com,Dryf84bd
45,customer1@example.com,Dryf84bd
46,customer1@example.com,Dryf84bd
47,customer1@example.com,Dryf84bd
48,customer1@example.com,Dryf84bd
49,customer1@example.com,Dryf84bd
50,customer1@example.com,Dryf84bd
51,customer1@example.com,Dryf84bd
52,customer1@example.com,Dryf84bd
53,customer1@example.com,Dryf84bd
54,customer1@example.com,Dryf84bd
55,customer1@example.com,Dryf84bd
56,customer1@example.com,Dryf84bd
57,customer1@example.com,Dryf84bd
58,customer1@example.com,Dryf84bd
59,customer1@example.com,Dryf84bd
60,customer1@example.com,Dryf84bd
61,customer1@example.com,Dryf84bd
62,customer1@example.com,Dryf84bd
63,customer1@example.com,Dryf84bd
64,customer1@example.com,Dryf84bd
65,customer1@example.com,Dryf84bd
66,customer1@example.com,Dryf84bd
67,customer1@example.com,Dryf84bd
68,customer1@example.com,Dryf84bd
69,customer1@example.com,Dryf84bd
70,customer1@example.com,Dryf84bd
71,customer1@example.com,Dryf84bd
72,customer1@example.com,Dryf84bd
73,customer1@example.com,Dryf84bd
74,customer1@example.com,Dryf84bd
75,customer1@example.com,Dryf84bd
76,customer1@example.com,Dryf84bd
77,customer1@example.com,Dryf84bd
78,customer1@example.com,Dryf84bd
79,customer1@example.com,Dryf84bd
80,customer1@example.com,Dryf84bd
81,customer1@example.com,Dryf84bd
82,customer1@example.com,Dryf84bd
83,customer1@example.com,Dryf84bd
84,customer1@example.com,Dryf84bd
85,customer1@example.com,Dryf84bd
86,customer1@example.com,Dryf84bd
87,customer1@example.com,Dryf84bd
88,customer1@example.com,Dryf84bd
89,customer1@example.com,Dryf84bd
90,customer1@example.com,Dryf84bd
91,customer1@example.com,Dryf84bd
92,customer1@example.com,Dryf84bd
93,customer1@example.com,Dryf84bd
94,customer1@example.com,Dryf84bd
95,customer1@example.com,Dryf84bd
96,customer1@example.com,Dryf84bd
97,customer1@example.com,Dryf84bd
98,customer1@example.com,Dryf84bd
99,customer1@example.com,Dryf84bd
100,customer1@example.com,Dryf84bd
101,customer1@example.com,Dryf84bd
102,customer1@example.com,Dryf84bd
103,customer1@example.com,Dryf84bd
104,customer1@example.com,Dryf84bd
105,customer1@example.com,Dryf84bd
106,customer1@example.com,Dryf84bd
107,customer1@example.com,Dryf84bd
108,customer1@example.com,Dryf84bd
109,customer1@example.com,Dryf84bd
110,customer1@example.com,Dryf84bd
111,customer1@example.com,Dryf84bd
112,customer1@example.com,Dryf84bd
113,customer1@example.com,Dryf84bd
114,customer1@example.com,Dryf84bd
115,customer1@example.com,Dryf84bd
116,customer1@example.com,Dryf84bd
117,customer1@example.com,Dryf84bd
118,customer1@example.com,Dryf84bd
119,customer1@example.com,Dryf84bd
120,customer1@example.com,Dryf84bd
121,customer1@example.com,Dryf84bd
122,customer1@example.com,Dryf84bd
123,customer1@example.com,Dryf84bd
124,customer1@example.com,Dryf84bd
125,customer1@example.com,Dryf84bd
126,customer1@example.com,Dryf84bd
127,customer1@example.com,Dryf84bd
128,customer1@example.com,Dryf84bd
129,customer1@example.com,Dryf84bd
130,customer1@example.com,Dryf84bd
131,customer1@example.com,Dryf84bd
132,customer1@example.com,Dryf84bd
133,customer1@example.com,Dryf84bd
134,customer1@example.com,Dryf84bd
135,customer1@example.com,Dryf84bd
136,customer1@example.com,Dryf84bd
137,customer1@example.com,Dryf84bd
138,customer1@example.com,Dryf84bd
139,customer1@example.com,Dryf84bd
140,customer1@example.com,Dryf84bd
141,customer1@example.com,Dryf84bd
142,customer1@example.com,Dryf84bd
143,customer1@example.com,Dryf84bd
144,customer1@example.com,Dryf84bd
145,customer1@example.com,Dryf84bd
146,customer1@example.com,Dryf84bd
147,customer1@example.com,Dryf84bd
148,customer1@example.com,Dryf84bd
149,customer1@example.com,Dryf84bd
150,customer1@example.com,Dryf84bd
